round,w,b,erreur_totale,perte_moyenne,duree_ms
0,2.05656,0.99296,0.0636,0.09442,120.8
1,2.04478,1.006,0.05078,0.09434,115.6
2,2.04182,1.03423,0.07604,0.09462,113.8
3,2.03784,1.00381,0.04165,0.0942,115.9
4,2.03724,0.9878,0.04943,0.0942,117.0
5,2.04535,1.02041,0.06576,0.09458,112.1
6,2.04944,0.98774,0.0617,0.0941,113.5
7,2.06111,1.00882,0.06993,0.09427,111.1
8,2.03904,0.99023,0.04881,0.09438,111.8
9,2.03485,0.99644,0.03841,0.09413,112.4
